SET FOREIGN_KEY_CHECKS = 0;
/*
INSERT INTO `catalogocaso`(`idCaso`,`tipoCaso`)VALUES('0','Discriminación en razón de género, edad, entre otros');
INSERT INTO `catalogocaso`(`idCaso`,`tipoCaso`)VALUES('1','Despido de Trabajador Licencia de Paternidad');
INSERT INTO `catalogocaso`(`idCaso`,`tipoCaso`)VALUES('2','Trabajadora embarazada o estado de lactancia');
INSERT INTO `catalogocaso`(`idCaso`,`tipoCaso`)VALUES('3','Trabajadora embarazada. Restricción de derechos');
INSERT INTO `catalogocaso`(`idCaso`,`tipoCaso`)VALUES('4','Fraccionamiento de jornada laboral');
INSERT INTO `catalogocaso`(`idCaso`,`tipoCaso`)VALUES('5','Hostigamiento laboral');
INSERT INTO `catalogocaso`(`idCaso`,`tipoCaso`)VALUES('6','Hostigamiento sexual');
INSERT INTO `catalogocaso`(`idCaso`,`tipoCaso`)VALUES('7','Despido de aforado sindicato');

INSERT INTO `catalogooficina` (`idOficina`, `nombre`) VALUES ('0', 'Oficina Provincial de Cartago');
INSERT INTO `catalogooficina` (`idOficina`, `nombre`) VALUES ('1', 'Oficina Provincial de Heredia');
INSERT INTO `catalogooficina` (`idOficina`, `nombre`) VALUES ('2', 'Oficina Cantonal de Puriscal');
INSERT INTO `catalogooficina` (`idOficina`, `nombre`) VALUES ('3', 'Oficina Cantonal de los Santos');
INSERT INTO `catalogooficina` (`idOficina`, `nombre`) VALUES ('4', 'Oficina Cantonal de Ciudad Quesada');
INSERT INTO `catalogooficina` (`idOficina`, `nombre`) VALUES ('5', 'Oficina Cantonal de Grecia');
INSERT INTO `catalogooficina` (`idOficina`, `nombre`) VALUES ('6', 'Oficina Cantonal de Naranjo');
INSERT INTO `catalogooficina` (`idOficina`, `nombre`) VALUES ('7', 'Oficina Cantonal de La Fortuna');
INSERT INTO `catalogooficina` (`idOficina`, `nombre`) VALUES ('8', 'Oficina Cantonal de Siquirres');
INSERT INTO `catalogooficina` (`idOficina`, `nombre`) VALUES ('9', 'Oficina Cantonal de Pococí');
INSERT INTO `catalogooficina` (`idOficina`, `nombre`) VALUES ('10', 'Oficina Cantonal de Talamanca');
INSERT INTO `catalogooficina` (`idOficina`, `nombre`) VALUES ('11', 'Oficina Cantonal de Turrialba');
INSERT INTO `catalogooficina` (`idOficina`, `nombre`) VALUES ('12', 'Oficina Cantonal de Guácimo');
INSERT INTO `catalogooficina` (`idOficina`, `nombre`) VALUES ('13', 'Oficina Cantonal de San Ramón');
INSERT INTO `catalogooficina` (`idOficina`, `nombre`) VALUES ('14', 'Oficina Cantonal de Orotina');
INSERT INTO `catalogooficina` (`idOficina`, `nombre`) VALUES ('15', 'Oficina Cantonal de Aguirre-Quepos');
INSERT INTO `catalogooficina` (`idOficina`, `nombre`) VALUES ('16', 'Oficina Cantonal de Santa Cruz');
INSERT INTO `catalogooficina` (`idOficina`, `nombre`) VALUES ('17', 'Oficina Cantonal de Cañas');
INSERT INTO `catalogooficina` (`idOficina`, `nombre`) VALUES ('18', 'Oficina Cantonal de Nicoya');
INSERT INTO `catalogooficina` (`idOficina`, `nombre`) VALUES ('19', 'Oficina Cantonal Nandayure');
INSERT INTO `catalogooficina` (`idOficina`, `nombre`) VALUES ('20', 'Oficina Cantonal Upala');
INSERT INTO `catalogooficina` (`idOficina`, `nombre`) VALUES ('21', 'Oficina Cantonal de Palmar Norte');
INSERT INTO `catalogooficina` (`idOficina`, `nombre`) VALUES ('22', 'Oficina Cantonal de Corredores');
INSERT INTO `catalogooficina` (`idOficina`, `nombre`) VALUES ('23', 'Oficina Cantonal de Golfito');
INSERT INTO `catalogooficina` (`idOficina`, `nombre`) VALUES ('24', 'Oficina Cantonal de Coto Brus');

INSERT INTO `catalogopuesto`(`idPuesto`,`nombre`)VALUES('0','Administrador(a)');
INSERT INTO `catalogopuesto`(`idPuesto`,`nombre`)VALUES('1','Jefe Regional');
INSERT INTO `catalogopuesto`(`idPuesto`,`nombre`)VALUES('2','Coordinador(a) de Inspección');
INSERT INTO `catalogopuesto`(`idPuesto`,`nombre`)VALUES('3','Inspector(a)');
INSERT INTO `catalogopuesto`(`idPuesto`,`nombre`)VALUES('4','Asesor(a) Legal');

INSERT INTO `catalogoregion`(`idRegion`,`nombre`)VALUES('0','Oficina Regional Central');
INSERT INTO `catalogoregion`(`idRegion`,`nombre`)VALUES('1','Oficina Regional Huetar Norte');
INSERT INTO `catalogoregion`(`idRegion`,`nombre`)VALUES('2','Oficina Regional Huetar Caribe');
INSERT INTO `catalogoregion`(`idRegion`,`nombre`)VALUES('3','Oficina Regional Pacífico Central');
INSERT INTO `catalogoregion`(`idRegion`,`nombre`)VALUES('4','Oficina Regional Chorotega');
INSERT INTO `catalogoregion`(`idRegion`,`nombre`)VALUES('5','Oficina Regional Brunca');
*/
INSERT INTO `persona`(`idPersona`,`cedula`,`primerNombre`,`segundoNombre`,`primerApellido`,`segundoApellido`)VALUES("1","305240018","Dayron","Antony","Chaves","Sandoval");
INSERT INTO `persona`(`idPersona`,`cedula`,`primerNombre`,`segundoNombre`,`primerApellido`,`segundoApellido`)VALUES("2","305180118","Robert","Jesus","Cascate","Araya");
INSERT INTO `persona`(`idPersona`,`cedula`,`primerNombre`,`segundoNombre`,`primerApellido`,`segundoApellido`)VALUES("3","303370265","Moises","","Romero","Prado");
INSERT INTO `persona`(`idPersona`,`cedula`,`primerNombre`,`segundoNombre`,`primerApellido`,`segundoApellido`)VALUES("4","000000000","Miriam","","Mejia","Marin");
INSERT INTO `persona`(`idPersona`,`cedula`,`primerNombre`,`segundoNombre`,`primerApellido`,`segundoApellido`)VALUES("5","101110111","Carlos","Jesus","Mora","Sanabria");
INSERT INTO `persona`(`idPersona`,`cedula`,`primerNombre`,`segundoNombre`,`primerApellido`,`segundoApellido`)VALUES("6","202220222","Jose","","Mena","Soto");
INSERT INTO `persona`(`idPersona`,`cedula`,`primerNombre`,`segundoNombre`,`primerApellido`,`segundoApellido`)VALUES("7","303330333","Dylan","Miguel","Perez","Perez");
INSERT INTO `persona`(`idPersona`,`cedula`,`primerNombre`,`segundoNombre`,`primerApellido`,`segundoApellido`)VALUES("8","404440444","Steven","","Luis","Delfin");
INSERT INTO `persona`(`idPersona`,`cedula`,`primerNombre`,`segundoNombre`,`primerApellido`,`segundoApellido`)VALUES("9","505550555","Andrey","","Irwin","Cartin");
INSERT INTO `persona`(`idPersona`,`cedula`,`primerNombre`,`segundoNombre`,`primerApellido`,`segundoApellido`)VALUES("10","606660666","Justin","","Malabranche","Elisondo");
INSERT INTO `persona`(`idPersona`,`cedula`,`primerNombre`,`segundoNombre`,`primerApellido`,`segundoApellido`)VALUES("11","707770777","Brenda", "","Saramago","Leandro");
INSERT INTO `persona`(`idPersona`,`cedula`,`primerNombre`,`segundoNombre`,`primerApellido`,`segundoApellido`)VALUES("12","808880888","Marlon","","Cervantes","Gonzales");
INSERT INTO `persona`(`idPersona`,`cedula`,`primerNombre`,`segundoNombre`,`primerApellido`,`segundoApellido`)VALUES("13","909990999","Luis","","Asturias","Ortiz");
INSERT INTO `persona`(`idPersona`,`cedula`,`primerNombre`,`segundoNombre`,`primerApellido`,`segundoApellido`)VALUES("14","001110111","Irina","","Panigua","Villanueva");
INSERT INTO `persona`(`idPersona`,`cedula`,`primerNombre`,`segundoNombre`,`primerApellido`,`segundoApellido`)VALUES("15","002220222","Evelyn","","Iris","Cambronero");
INSERT INTO `persona`(`idPersona`,`cedula`,`primerNombre`,`segundoNombre`,`primerApellido`,`segundoApellido`)VALUES("16","003330333","Daniel","","Casasola","Lopes");
INSERT INTO `persona`(`idPersona`,`cedula`,`primerNombre`,`segundoNombre`,`primerApellido`,`segundoApellido`)VALUES("17","004440444","Bryan","","Arias","Obrador");
INSERT INTO `persona`(`idPersona`,`cedula`,`primerNombre`,`segundoNombre`,`primerApellido`,`segundoApellido`)VALUES("18","005550555","Maria","","Chicilla","Chaves");
INSERT INTO `persona`(`idPersona`,`cedula`,`primerNombre`,`segundoNombre`,`primerApellido`,`segundoApellido`)VALUES("19","006660666","Kevin","","Cascante","Solis");
INSERT INTO `persona`(`idPersona`,`cedula`,`primerNombre`,`segundoNombre`,`primerApellido`,`segundoApellido`)VALUES("20","007770777","Cristopher","Alfoso","Araya","Solono");

INSERT INTO `personajuridica`(`idPersonaJuridica`,`cedulaJuridica`,`nombreRazonSocial`)VALUES("1","1011111011","Coca Cola");
INSERT INTO `personajuridica`(`idPersonaJuridica`,`cedulaJuridica`,`nombreRazonSocial`)VALUES("2","2022222022","Pepsi");
INSERT INTO `personajuridica`(`idPersonaJuridica`,`cedulaJuridica`,`nombreRazonSocial`)VALUES("3","3033333033","Tosty");
INSERT INTO `personajuridica`(`idPersonaJuridica`,`cedulaJuridica`,`nombreRazonSocial`)VALUES("4","4044444044","McDonalds");
INSERT INTO `personajuridica`(`idPersonaJuridica`,`cedulaJuridica`,`nombreRazonSocial`)VALUES("5","5055555055","PizzaHut");
INSERT INTO `personajuridica`(`idPersonaJuridica`,`cedulaJuridica`,`nombreRazonSocial`)VALUES("6","6066666066","BurgerKing");
INSERT INTO `personajuridica`(`idPersonaJuridica`,`cedulaJuridica`,`nombreRazonSocial`)VALUES("7","7077777077","Dos Pinos");
INSERT INTO `personajuridica`(`idPersonaJuridica`,`cedulaJuridica`,`nombreRazonSocial`)VALUES("8","8088888088","Kitty");
INSERT INTO `personajuridica`(`idPersonaJuridica`,`cedulaJuridica`,`nombreRazonSocial`)VALUES("9","9099999099","Diana");
INSERT INTO `personajuridica`(`idPersonaJuridica`,`cedulaJuridica`,`nombreRazonSocial`)VALUES("10","1022222022","Nestle");
INSERT INTO `personajuridica`(`idPersonaJuridica`,`cedulaJuridica`,`nombreRazonSocial`)VALUES("11","2033333033","Microsoft");
INSERT INTO `personajuridica`(`idPersonaJuridica`,`cedulaJuridica`,`nombreRazonSocial`)VALUES("12","3044444044","Apple");
INSERT INTO `personajuridica`(`idPersonaJuridica`,`cedulaJuridica`,`nombreRazonSocial`)VALUES("13","4055555055","AMD");
INSERT INTO `personajuridica`(`idPersonaJuridica`,`cedulaJuridica`,`nombreRazonSocial`)VALUES("14","50666666066","Nvidia");
INSERT INTO `personajuridica`(`idPersonaJuridica`,`cedulaJuridica`,`nombreRazonSocial`)VALUES("15","70777777077","Intel");
INSERT INTO `personajuridica`(`idPersonaJuridica`,`cedulaJuridica`,`nombreRazonSocial`)VALUES("16","80888888088","Google");
INSERT INTO `personajuridica`(`idPersonaJuridica`,`cedulaJuridica`,`nombreRazonSocial`)VALUES("17","90999999099","Yahoo");
INSERT INTO `personajuridica`(`idPersonaJuridica`,`cedulaJuridica`,`nombreRazonSocial`)VALUES("18","10234567089","Facebook");
INSERT INTO `personajuridica`(`idPersonaJuridica`,`cedulaJuridica`,`nombreRazonSocial`)VALUES("19","90876543021","Twitter");
INSERT INTO `personajuridica`(`idPersonaJuridica`,`cedulaJuridica`,`nombreRazonSocial`)VALUES("20","00000000000","Amazon");

INSERT INTO `usuario`(`idPersona`,`email`,`contraseña`,`enLinea`)VALUES("1","dayron.chaves@mtss.go.cr","12345678","0");
INSERT INTO `usuario`(`idPersona`,`email`,`contraseña`,`enLinea`)VALUES("2","robert.cascate@mtss.go.cr","12345678","0");
INSERT INTO `usuario`(`idPersona`,`email`,`contraseña`,`enLinea`)VALUES("3","moises.romero@mtss.go.cr","12345678","0");
INSERT INTO `usuario`(`idPersona`,`email`,`contraseña`,`enLinea`)VALUES("4","miriam.mejia@mtss.go.cr","12345678","0");
INSERT INTO `usuario`(`idPersona`,`email`,`contraseña`,`enLinea`)VALUES("5","carlos.mora@mtss.go.cr","12345678","0");
INSERT INTO `usuario`(`idPersona`,`email`,`contraseña`,`enLinea`)VALUES("6","jose.mena@mtss.go.cr","12345678","0");
INSERT INTO `usuario`(`idPersona`,`email`,`contraseña`,`enLinea`)VALUES("7","dylan.perez@mtss.go.cr","12345678","0");
INSERT INTO `usuario`(`idPersona`,`email`,`contraseña`,`enLinea`)VALUES("8","steven.delfin@mtss.go.cr","12345678","0");
INSERT INTO `usuario`(`idPersona`,`email`,`contraseña`,`enLinea`)VALUES("9","andrey.irwin@mtss.go.cr","12345678","0");
INSERT INTO `usuario`(`idPersona`,`email`,`contraseña`,`enLinea`)VALUES("10","justin.malaabranche@mtss.go.cr","12345678","0");
INSERT INTO `usuario`(`idPersona`,`email`,`contraseña`,`enLinea`)VALUES("11","brenda.saramago@mtss.go.cr","12345678","0");
INSERT INTO `usuario`(`idPersona`,`email`,`contraseña`,`enLinea`)VALUES("12","marlon.cervantes@mtss.go.cr","12345678","0");
INSERT INTO `usuario`(`idPersona`,`email`,`contraseña`,`enLinea`)VALUES("13","luis.ortiz@mtss.go.cr","12345678","0");
INSERT INTO `usuario`(`idPersona`,`email`,`contraseña`,`enLinea`)VALUES("14","irina.panigua@mtss.go.cr","12345678","0");
INSERT INTO `usuario`(`idPersona`,`email`,`contraseña`,`enLinea`)VALUES("15","evelyn.iris@mtss.go.cr","12345678","0");
INSERT INTO `usuario`(`idPersona`,`email`,`contraseña`,`enLinea`)VALUES("16","daniel.casasola@mtss.go.cr","12345678","0");
INSERT INTO `usuario`(`idPersona`,`email`,`contraseña`,`enLinea`)VALUES("17","bryan.arias@mtss.go.cr","12345678","0");
INSERT INTO `usuario`(`idPersona`,`email`,`contraseña`,`enLinea`)VALUES("18","maria.chinchilla@mtss.go.cr","12345678","0");
INSERT INTO `usuario`(`idPersona`,`email`,`contraseña`,`enLinea`)VALUES("19","kevin.cascante@mtss.go.cr","12345678","0");
INSERT INTO `usuario`(`idPersona`,`email`,`contraseña`,`enLinea`)VALUES("20","christopher.araya@mtss.go.cr","12345678","0");

INSERT INTO `inspector`(`idPersona`,`idPuesto`,`idRegion`,`idOficina`)VALUES("1","0","0","0");
INSERT INTO `inspector`(`idPersona`,`idPuesto`,`idRegion`,`idOficina`)VALUES("2","1","0","1");
INSERT INTO `inspector`(`idPersona`,`idPuesto`,`idRegion`,`idOficina`)VALUES("3","2","0","2");
INSERT INTO `inspector`(`idPersona`,`idPuesto`,`idRegion`,`idOficina`)VALUES("4","3","1","4");
INSERT INTO `inspector`(`idPersona`,`idPuesto`,`idRegion`,`idOficina`)VALUES("5","4","1","5");
INSERT INTO `inspector`(`idPersona`,`idPuesto`,`idRegion`,`idOficina`)VALUES("6","3","1","6");
INSERT INTO `inspector`(`idPersona`,`idPuesto`,`idRegion`,`idOficina`)VALUES("7","2","2","8");
INSERT INTO `inspector`(`idPersona`,`idPuesto`,`idRegion`,`idOficina`)VALUES("8","1","2","9");
INSERT INTO `inspector`(`idPersona`,`idPuesto`,`idRegion`,`idOficina`)VALUES("9","0","2","10");
INSERT INTO `inspector`(`idPersona`,`idPuesto`,`idRegion`,`idOficina`)VALUES("10","1","3","13");
INSERT INTO `inspector`(`idPersona`,`idPuesto`,`idRegion`,`idOficina`)VALUES("11","2","3","14");
INSERT INTO `inspector`(`idPersona`,`idPuesto`,`idRegion`,`idOficina`)VALUES("12","3","3","15");
INSERT INTO `inspector`(`idPersona`,`idPuesto`,`idRegion`,`idOficina`)VALUES("13","4","4","16");
INSERT INTO `inspector`(`idPersona`,`idPuesto`,`idRegion`,`idOficina`)VALUES("14","0","4","17");
INSERT INTO `inspector`(`idPersona`,`idPuesto`,`idRegion`,`idOficina`)VALUES("15","3","4","18");
INSERT INTO `inspector`(`idPersona`,`idPuesto`,`idRegion`,`idOficina`)VALUES("16","2","5","21");
INSERT INTO `inspector`(`idPersona`,`idPuesto`,`idRegion`,`idOficina`)VALUES("17","1","5","22");
INSERT INTO `inspector`(`idPersona`,`idPuesto`,`idRegion`,`idOficina`)VALUES("18","0","5","23");
INSERT INTO `inspector`(`idPersona`,`idPuesto`,`idRegion`,`idOficina`)VALUES("19","1","0","2");
INSERT INTO `inspector`(`idPersona`,`idPuesto`,`idRegion`,`idOficina`)VALUES("20","2","0","1");

INSERT INTO `gestionado`(`idGestionado`,`idPersona`,`idPersonaJuridica`,`idComparecencia`)VALUES("1","1",NULL,"1");
INSERT INTO `gestionado`(`idGestionado`,`idPersona`,`idPersonaJuridica`,`idComparecencia`)VALUES("2",NULL,"2","2");
INSERT INTO `gestionado`(`idGestionado`,`idPersona`,`idPersonaJuridica`,`idComparecencia`)VALUES("3","3",NULL,"3");
INSERT INTO `gestionado`(`idGestionado`,`idPersona`,`idPersonaJuridica`,`idComparecencia`)VALUES("4",NULL,"4","4");
INSERT INTO `gestionado`(`idGestionado`,`idPersona`,`idPersonaJuridica`,`idComparecencia`)VALUES("5","5",NULL,"5");
INSERT INTO `gestionado`(`idGestionado`,`idPersona`,`idPersonaJuridica`,`idComparecencia`)VALUES("6",NULL,"6","6");
INSERT INTO `gestionado`(`idGestionado`,`idPersona`,`idPersonaJuridica`,`idComparecencia`)VALUES("7","7",NULL,"7");
INSERT INTO `gestionado`(`idGestionado`,`idPersona`,`idPersonaJuridica`,`idComparecencia`)VALUES("8",NULL,"8","8");
INSERT INTO `gestionado`(`idGestionado`,`idPersona`,`idPersonaJuridica`,`idComparecencia`)VALUES("9","9",NULL,"9");
INSERT INTO `gestionado`(`idGestionado`,`idPersona`,`idPersonaJuridica`,`idComparecencia`)VALUES("10",NULL,"10","10");
INSERT INTO `gestionado`(`idGestionado`,`idPersona`,`idPersonaJuridica`,`idComparecencia`)VALUES("11","11",NULL,"11");
INSERT INTO `gestionado`(`idGestionado`,`idPersona`,`idPersonaJuridica`,`idComparecencia`)VALUES("12",NULL,"12","12");
INSERT INTO `gestionado`(`idGestionado`,`idPersona`,`idPersonaJuridica`,`idComparecencia`)VALUES("13","13",NULL,"13");
INSERT INTO `gestionado`(`idGestionado`,`idPersona`,`idPersonaJuridica`,`idComparecencia`)VALUES("14",NULL,"14","14");
INSERT INTO `gestionado`(`idGestionado`,`idPersona`,`idPersonaJuridica`,`idComparecencia`)VALUES("15","15",NULL,"15");
INSERT INTO `gestionado`(`idGestionado`,`idPersona`,`idPersonaJuridica`,`idComparecencia`)VALUES("16",NULL,"16","16");
INSERT INTO `gestionado`(`idGestionado`,`idPersona`,`idPersonaJuridica`,`idComparecencia`)VALUES("17","17",NULL,"17");
INSERT INTO `gestionado`(`idGestionado`,`idPersona`,`idPersonaJuridica`,`idComparecencia`)VALUES("18",NULL,"18","18");
INSERT INTO `gestionado`(`idGestionado`,`idPersona`,`idPersonaJuridica`,`idComparecencia`)VALUES("19","19",NULL,"19");
INSERT INTO `gestionado`(`idGestionado`,`idPersona`,`idPersonaJuridica`,`idComparecencia`)VALUES("20",NULL,"20","20");

INSERT INTO `gestionante`(`idGestionante`,`idPersona`,`idPersonaJuridica`,`idComparecencia`)VALUES("1",NULL,"1","19");
INSERT INTO `gestionante`(`idGestionante`,`idPersona`,`idPersonaJuridica`,`idComparecencia`)VALUES("2","2",NULL,"18");
INSERT INTO `gestionante`(`idGestionante`,`idPersona`,`idPersonaJuridica`,`idComparecencia`)VALUES("3",NULL,"3","17");
INSERT INTO `gestionante`(`idGestionante`,`idPersona`,`idPersonaJuridica`,`idComparecencia`)VALUES("4","4",NULL,"16");
INSERT INTO `gestionante`(`idGestionante`,`idPersona`,`idPersonaJuridica`,`idComparecencia`)VALUES("5",NULL,"5","15");
INSERT INTO `gestionante`(`idGestionante`,`idPersona`,`idPersonaJuridica`,`idComparecencia`)VALUES("6","6",NULL,"14");
INSERT INTO `gestionante`(`idGestionante`,`idPersona`,`idPersonaJuridica`,`idComparecencia`)VALUES("7",NULL,"7","13");
INSERT INTO `gestionante`(`idGestionante`,`idPersona`,`idPersonaJuridica`,`idComparecencia`)VALUES("8","8",NULL,"12");
INSERT INTO `gestionante`(`idGestionante`,`idPersona`,`idPersonaJuridica`,`idComparecencia`)VALUES("9",NULL,"9","11");
INSERT INTO `gestionante`(`idGestionante`,`idPersona`,`idPersonaJuridica`,`idComparecencia`)VALUES("10","10",NULL,"20");
INSERT INTO `gestionante`(`idGestionante`,`idPersona`,`idPersonaJuridica`,`idComparecencia`)VALUES("11",NULL,"11","10");
INSERT INTO `gestionante`(`idGestionante`,`idPersona`,`idPersonaJuridica`,`idComparecencia`)VALUES("12","12",NULL,"9");
INSERT INTO `gestionante`(`idGestionante`,`idPersona`,`idPersonaJuridica`,`idComparecencia`)VALUES("13",NULL,"13","8");
INSERT INTO `gestionante`(`idGestionante`,`idPersona`,`idPersonaJuridica`,`idComparecencia`)VALUES("14","14",NULL,"7");
INSERT INTO `gestionante`(`idGestionante`,`idPersona`,`idPersonaJuridica`,`idComparecencia`)VALUES("15",NULL,"15","6");
INSERT INTO `gestionante`(`idGestionante`,`idPersona`,`idPersonaJuridica`,`idComparecencia`)VALUES("16","16",NULL,"5");
INSERT INTO `gestionante`(`idGestionante`,`idPersona`,`idPersonaJuridica`,`idComparecencia`)VALUES("17",NULL,"17","4");
INSERT INTO `gestionante`(`idGestionante`,`idPersona`,`idPersonaJuridica`,`idComparecencia`)VALUES("18","18",NULL,"3");
INSERT INTO `gestionante`(`idGestionante`,`idPersona`,`idPersonaJuridica`,`idComparecencia`)VALUES("19",NULL,"19","2");
INSERT INTO `gestionante`(`idGestionante`,`idPersona`,`idPersonaJuridica`,`idComparecencia`)VALUES("20","20",NULL,"1");

INSERT INTO `representante`(`idPersona`,`idGestionante`,`idGestionado`)VALUES("1","1",NULL);
INSERT INTO `representante`(`idPersona`,`idGestionante`,`idGestionado`)VALUES("2","2",NULL);
INSERT INTO `representante`(`idPersona`,`idGestionante`,`idGestionado`)VALUES("3","3",NULL);
INSERT INTO `representante`(`idPersona`,`idGestionante`,`idGestionado`)VALUES("4","4",NULL);
INSERT INTO `representante`(`idPersona`,`idGestionante`,`idGestionado`)VALUES("5","5",NULL);
INSERT INTO `representante`(`idPersona`,`idGestionante`,`idGestionado`)VALUES("6","6",NULL);
INSERT INTO `representante`(`idPersona`,`idGestionante`,`idGestionado`)VALUES("7","7",NULL);
INSERT INTO `representante`(`idPersona`,`idGestionante`,`idGestionado`)VALUES("8","8",NULL);
INSERT INTO `representante`(`idPersona`,`idGestionante`,`idGestionado`)VALUES("9","9",NULL);
INSERT INTO `representante`(`idPersona`,`idGestionante`,`idGestionado`)VALUES("10","10",NULL);
INSERT INTO `representante`(`idPersona`,`idGestionante`,`idGestionado`)VALUES("11",NULL,"11");
INSERT INTO `representante`(`idPersona`,`idGestionante`,`idGestionado`)VALUES("12",NULL,"12");
INSERT INTO `representante`(`idPersona`,`idGestionante`,`idGestionado`)VALUES("13",NULL,"13");
INSERT INTO `representante`(`idPersona`,`idGestionante`,`idGestionado`)VALUES("14",NULL,"14");
INSERT INTO `representante`(`idPersona`,`idGestionante`,`idGestionado`)VALUES("15",NULL,"15");
INSERT INTO `representante`(`idPersona`,`idGestionante`,`idGestionado`)VALUES("16",NULL,"16");
INSERT INTO `representante`(`idPersona`,`idGestionante`,`idGestionado`)VALUES("17",NULL,"17");
INSERT INTO `representante`(`idPersona`,`idGestionante`,`idGestionado`)VALUES("18",NULL,"18");
INSERT INTO `representante`(`idPersona`,`idGestionante`,`idGestionado`)VALUES("19",NULL,"19");
INSERT INTO `representante`(`idPersona`,`idGestionante`,`idGestionado`)VALUES("20",NULL,"20");

INSERT INTO `testigo`(`idPersona`,`idGestionante`,`idGestionado`)VALUES("1","20",NULL);
INSERT INTO `testigo`(`idPersona`,`idGestionante`,`idGestionado`)VALUES("2","19",NULL);
INSERT INTO `testigo`(`idPersona`,`idGestionante`,`idGestionado`)VALUES("3","18",NULL);
INSERT INTO `testigo`(`idPersona`,`idGestionante`,`idGestionado`)VALUES("4","17",NULL);
INSERT INTO `testigo`(`idPersona`,`idGestionante`,`idGestionado`)VALUES("5","16",NULL);
INSERT INTO `testigo`(`idPersona`,`idGestionante`,`idGestionado`)VALUES("6","15",NULL);
INSERT INTO `testigo`(`idPersona`,`idGestionante`,`idGestionado`)VALUES("7","14",NULL);
INSERT INTO `testigo`(`idPersona`,`idGestionante`,`idGestionado`)VALUES("8","13",NULL);
INSERT INTO `testigo`(`idPersona`,`idGestionante`,`idGestionado`)VALUES("9","12",NULL);
INSERT INTO `testigo`(`idPersona`,`idGestionante`,`idGestionado`)VALUES("10","11",NULL);
INSERT INTO `testigo`(`idPersona`,`idGestionante`,`idGestionado`)VALUES("11",NULL,"10");
INSERT INTO `testigo`(`idPersona`,`idGestionante`,`idGestionado`)VALUES("12",NULL,"9");
INSERT INTO `testigo`(`idPersona`,`idGestionante`,`idGestionado`)VALUES("13",NULL,"8");
INSERT INTO `testigo`(`idPersona`,`idGestionante`,`idGestionado`)VALUES("14",NULL,"7");
INSERT INTO `testigo`(`idPersona`,`idGestionante`,`idGestionado`)VALUES("15",NULL,"6");
INSERT INTO `testigo`(`idPersona`,`idGestionante`,`idGestionado`)VALUES("16",NULL,"5");
INSERT INTO `testigo`(`idPersona`,`idGestionante`,`idGestionado`)VALUES("17",NULL,"4");
INSERT INTO `testigo`(`idPersona`,`idGestionante`,`idGestionado`)VALUES("18",NULL,"3");
INSERT INTO `testigo`(`idPersona`,`idGestionante`,`idGestionado`)VALUES("19",NULL,"2");
INSERT INTO `testigo`(`idPersona`,`idGestionante`,`idGestionado`)VALUES("20",NULL,"1");

INSERT INTO `acompañante`(`idPersona`,`idGestionado`,`idGestionante`,`tipoAcompañante`,`enCondicionDe`)VALUES("1","1",NULL,"Abogado","CONDICION");
INSERT INTO `acompañante`(`idPersona`,`idGestionado`,`idGestionante`,`tipoAcompañante`,`enCondicionDe`)VALUES("2","2",NULL,"Abogado","CONDICION");
INSERT INTO `acompañante`(`idPersona`,`idGestionado`,`idGestionante`,`tipoAcompañante`,`enCondicionDe`)VALUES("3","3",NULL,"Abogado","CONDICION");
INSERT INTO `acompañante`(`idPersona`,`idGestionado`,`idGestionante`,`tipoAcompañante`,`enCondicionDe`)VALUES("4","4",NULL,"Abogado","CONDICION");
INSERT INTO `acompañante`(`idPersona`,`idGestionado`,`idGestionante`,`tipoAcompañante`,`enCondicionDe`)VALUES("5","5",NULL,"Abogado","CONDICION");
INSERT INTO `acompañante`(`idPersona`,`idGestionado`,`idGestionante`,`tipoAcompañante`,`enCondicionDe`)VALUES("6","6",NULL,"Responsable","CONDICION");
INSERT INTO `acompañante`(`idPersona`,`idGestionado`,`idGestionante`,`tipoAcompañante`,`enCondicionDe`)VALUES("7","7",NULL,"Responsable","CONDICION");
INSERT INTO `acompañante`(`idPersona`,`idGestionado`,`idGestionante`,`tipoAcompañante`,`enCondicionDe`)VALUES("8","8",NULL,"Responsable","CONDICION");
INSERT INTO `acompañante`(`idPersona`,`idGestionado`,`idGestionante`,`tipoAcompañante`,`enCondicionDe`)VALUES("9","9",NULL,"Responsable","CONDICION");
INSERT INTO `acompañante`(`idPersona`,`idGestionado`,`idGestionante`,`tipoAcompañante`,`enCondicionDe`)VALUES("10","10",NULL,"Responsable","CONDICION");
INSERT INTO `acompañante`(`idPersona`,`idGestionado`,`idGestionante`,`tipoAcompañante`,`enCondicionDe`)VALUES("11",NULL,"20","Sindicalista","CONDICION");
INSERT INTO `acompañante`(`idPersona`,`idGestionado`,`idGestionante`,`tipoAcompañante`,`enCondicionDe`)VALUES("12",NULL,"19","Sindicalista","CONDICION");
INSERT INTO `acompañante`(`idPersona`,`idGestionado`,`idGestionante`,`tipoAcompañante`,`enCondicionDe`)VALUES("13",NULL,"18","Sindicalista","CONDICION");
INSERT INTO `acompañante`(`idPersona`,`idGestionado`,`idGestionante`,`tipoAcompañante`,`enCondicionDe`)VALUES("14",NULL,"17","Sindicalista","CONDICION");
INSERT INTO `acompañante`(`idPersona`,`idGestionado`,`idGestionante`,`tipoAcompañante`,`enCondicionDe`)VALUES("15",NULL,"16","Sindicalista","CONDICION");
INSERT INTO `acompañante`(`idPersona`,`idGestionado`,`idGestionante`,`tipoAcompañante`,`enCondicionDe`)VALUES("16",NULL,"15","Otro","CONDICION");
INSERT INTO `acompañante`(`idPersona`,`idGestionado`,`idGestionante`,`tipoAcompañante`,`enCondicionDe`)VALUES("17",NULL,"14","Otro","CONDICION");
INSERT INTO `acompañante`(`idPersona`,`idGestionado`,`idGestionante`,`tipoAcompañante`,`enCondicionDe`)VALUES("18",NULL,"13","Otro","CONDICION");
INSERT INTO `acompañante`(`idPersona`,`idGestionado`,`idGestionante`,`tipoAcompañante`,`enCondicionDe`)VALUES("19",NULL,"12","Otro","CONDICION");
INSERT INTO `acompañante`(`idPersona`,`idGestionado`,`idGestionante`,`tipoAcompañante`,`enCondicionDe`)VALUES("20",NULL,"11","Otro","CONDICION");

INSERT INTO `comparecencia` (`idComparecencia`, `codigoSILAC`, `idCaso`, `ubicacion`, `linkExpediente`,`fecha`) VALUES("1", "11-11-111111-11", "1", "ubicacion1", "https:\\www.example.com","2000-01-01");
INSERT INTO `comparecencia` (`idComparecencia`, `codigoSILAC`, `idCaso`, `ubicacion`, `linkExpediente`,`fecha`) VALUES("2", "11-22-111111-22", "2", "San Jose", "https:\\www.example.net","2005-01-01");
INSERT INTO `comparecencia` (`idComparecencia`, `codigoSILAC`, `idCaso`, `ubicacion`, `linkExpediente`,`fecha`) VALUES("3", "12-15-113354-17", "3", "Alajuela", "https:\\www.example.org","2010-01-01");
INSERT INTO `comparecencia` (`idComparecencia`, `codigoSILAC`, `idCaso`, `ubicacion`, `linkExpediente`,`fecha`) VALUES("4", "22-22-123234-25", "4", "Cartago", "https:\\www.example.com","2015-01-01");
INSERT INTO `comparecencia` (`idComparecencia`, `codigoSILAC`, `idCaso`, `ubicacion`, `linkExpediente`,`fecha`) VALUES("5", "33-56-114564-31", "5", "Heredia", "https:\\www.example.net","2020-01-01");
INSERT INTO `comparecencia` (`idComparecencia`, `codigoSILAC`, `idCaso`, `ubicacion`, `linkExpediente`,`fecha`) VALUES("6", "81-21-141216-88", "6", "Limon", "https:\\www.example.org","2023-01-01");
INSERT INTO `comparecencia` (`idComparecencia`, `codigoSILAC`, `idCaso`, `ubicacion`, `linkExpediente`,`fecha`) VALUES("7", "11-11-153451-11", "7", "Puntarenas", "https:\\www.example.com","2000-05-01");
INSERT INTO `comparecencia` (`idComparecencia`, `codigoSILAC`, `idCaso`, `ubicacion`, `linkExpediente`,`fecha`) VALUES("8", "77-77-777777-77", "1", "Siquierres", "https:\\www.example.net","2000-10-01");
INSERT INTO `comparecencia` (`idComparecencia`, `codigoSILAC`, `idCaso`, `ubicacion`, `linkExpediente`,`fecha`) VALUES("9", "88-88-118811-88", "2", "San Ramon", "https:\\www.example.org","2000-01-10");
INSERT INTO `comparecencia` (`idComparecencia`, `codigoSILAC`, `idCaso`, `ubicacion`, `linkExpediente`,`fecha`) VALUES("10", "88-88-88888-88", "3", "Talamanca", "https:\\www.example.com","2000-01-30");
INSERT INTO `comparecencia` (`idComparecencia`, `codigoSILAC`, `idCaso`, `ubicacion`, `linkExpediente`,`fecha`) VALUES("11", "12-12-121212-12", "4", "Turrialba", "https:\\www.example.net","2022-05-10");
INSERT INTO `comparecencia` (`idComparecencia`, `codigoSILAC`, `idCaso`, `ubicacion`, `linkExpediente`,`fecha`) VALUES("12", "55-11-111111-55", "6", "La Suiza", "https:\\www.example.org","2022-05-11");
INSERT INTO `comparecencia` (`idComparecencia`, `codigoSILAC`, `idCaso`, `ubicacion`, `linkExpediente`,`fecha`) VALUES("13", "00-00-000000-00", "7", "Canada", "https:\\www.example.com","2099-12-31");
INSERT INTO `comparecencia` (`idComparecencia`, `codigoSILAC`, `idCaso`, `ubicacion`, `linkExpediente`,`fecha`) VALUES("14", "77-77-777077-77", "1", "Santa Rosa", "https:\\www.example.net","1970-01-01");
INSERT INTO `comparecencia` (`idComparecencia`, `codigoSILAC`, `idCaso`, `ubicacion`, `linkExpediente`,`fecha`) VALUES("15", "11-11-111111-11", "2", "Santa Maria", "https:\\www.example.org","2014-03-14");
INSERT INTO `comparecencia` (`idComparecencia`, `codigoSILAC`, `idCaso`, `ubicacion`, `linkExpediente`,`fecha`) VALUES("16", "11-11-111111-11", "3", "El Recreo", "https:\\www.example.com","2022-02-02");
INSERT INTO `comparecencia` (`idComparecencia`, `codigoSILAC`, `idCaso`, `ubicacion`, `linkExpediente`,`fecha`) VALUES("17", "11-11-111111-11", "4", "El Coyol", "https:\\www.example.net","2001-01-01");
INSERT INTO `comparecencia` (`idComparecencia`, `codigoSILAC`, `idCaso`, `ubicacion`, `linkExpediente`,`fecha`) VALUES("18", "11-11-111111-11", "5", "Cedros", "https:\\www.example.org","2002-01-01");
INSERT INTO `comparecencia` (`idComparecencia`, `codigoSILAC`, `idCaso`, `ubicacion`, `linkExpediente`,`fecha`) VALUES("19", "11-11-111111-11", "6", "MTSS", "https:\\www.example.com","2003-01-01");
INSERT INTO `comparecencia` (`idComparecencia`, `codigoSILAC`, `idCaso`, `ubicacion`, `linkExpediente`,`fecha`) VALUES("20", "11-11-111111-11", "7", "UNED", "https:\\www.example.net","2004-01-01");

INSERT INTO `audio` (`idAudio`, `nombreAudio`,`duracionAudio`,`pathArchivoAudio`,`pathArchivoAnotaciones`) VALUES("1","AUDIO_1","1.1","C:\todos\estos\paths\no\existen","C:\todos\estos\paths\no\existen");
INSERT INTO `audio` (`idAudio`, `nombreAudio`,`duracionAudio`,`pathArchivoAudio`,`pathArchivoAnotaciones`) VALUES("2","AUDIO_2","2.1","C:\todos\estos\paths\no\existen","C:\todos\estos\paths\no\existen");
INSERT INTO `audio` (`idAudio`, `nombreAudio`,`duracionAudio`,`pathArchivoAudio`,`pathArchivoAnotaciones`) VALUES("3","AUDIO_3","3.1","C:\todos\estos\paths\no\existen","C:\todos\estos\paths\no\existen");
INSERT INTO `audio` (`idAudio`, `nombreAudio`,`duracionAudio`,`pathArchivoAudio`,`pathArchivoAnotaciones`) VALUES("4","AUDIO_4","4.1","C:\todos\estos\paths\no\existen","C:\todos\estos\paths\no\existen");
INSERT INTO `audio` (`idAudio`, `nombreAudio`,`duracionAudio`,`pathArchivoAudio`,`pathArchivoAnotaciones`) VALUES("5","AUDIO_5","5.1","C:\todos\estos\paths\no\existen","C:\todos\estos\paths\no\existen");
INSERT INTO `audio` (`idAudio`, `nombreAudio`,`duracionAudio`,`pathArchivoAudio`,`pathArchivoAnotaciones`) VALUES("6","AUDIO_6","6.1","C:\todos\estos\paths\no\existen","C:\todos\estos\paths\no\existen");
INSERT INTO `audio` (`idAudio`, `nombreAudio`,`duracionAudio`,`pathArchivoAudio`,`pathArchivoAnotaciones`) VALUES("7","AUDIO_7","7.1","C:\todos\estos\paths\no\existen","C:\todos\estos\paths\no\existen");
INSERT INTO `audio` (`idAudio`, `nombreAudio`,`duracionAudio`,`pathArchivoAudio`,`pathArchivoAnotaciones`) VALUES("8","AUDIO_8","8.1","C:\todos\estos\paths\no\existen","C:\todos\estos\paths\no\existen");
INSERT INTO `audio` (`idAudio`, `nombreAudio`,`duracionAudio`,`pathArchivoAudio`,`pathArchivoAnotaciones`) VALUES("9","AUDIO_9","9.1","C:\todos\estos\paths\no\existen","C:\todos\estos\paths\no\existen");
INSERT INTO `audio` (`idAudio`, `nombreAudio`,`duracionAudio`,`pathArchivoAudio`,`pathArchivoAnotaciones`) VALUES("10","AUDIO_10","10.1","C:\todos\estos\paths\no\existen","C:\todos\estos\paths\no\existen");
INSERT INTO `audio` (`idAudio`, `nombreAudio`,`duracionAudio`,`pathArchivoAudio`,`pathArchivoAnotaciones`) VALUES("11","AUDIO_11","11.1","C:\todos\estos\paths\no\existen","C:\todos\estos\paths\no\existen");
INSERT INTO `audio` (`idAudio`, `nombreAudio`,`duracionAudio`,`pathArchivoAudio`,`pathArchivoAnotaciones`) VALUES("12","AUDIO_12","12.1","C:\todos\estos\paths\no\existen","C:\todos\estos\paths\no\existen");
INSERT INTO `audio` (`idAudio`, `nombreAudio`,`duracionAudio`,`pathArchivoAudio`,`pathArchivoAnotaciones`) VALUES("13","AUDIO_13","13.1","C:\todos\estos\paths\no\existen","C:\todos\estos\paths\no\existen");
INSERT INTO `audio` (`idAudio`, `nombreAudio`,`duracionAudio`,`pathArchivoAudio`,`pathArchivoAnotaciones`) VALUES("14","AUDIO_14","14.1","C:\todos\estos\paths\no\existen","C:\todos\estos\paths\no\existen");
INSERT INTO `audio` (`idAudio`, `nombreAudio`,`duracionAudio`,`pathArchivoAudio`,`pathArchivoAnotaciones`) VALUES("15","AUDIO_15","15.1","C:\todos\estos\paths\no\existen","C:\todos\estos\paths\no\existen");
INSERT INTO `audio` (`idAudio`, `nombreAudio`,`duracionAudio`,`pathArchivoAudio`,`pathArchivoAnotaciones`) VALUES("16","AUDIO_16","16.1","C:\todos\estos\paths\no\existen","C:\todos\estos\paths\no\existen");
INSERT INTO `audio` (`idAudio`, `nombreAudio`,`duracionAudio`,`pathArchivoAudio`,`pathArchivoAnotaciones`) VALUES("17","AUDIO_17","17.1","C:\todos\estos\paths\no\existen","C:\todos\estos\paths\no\existen");
INSERT INTO `audio` (`idAudio`, `nombreAudio`,`duracionAudio`,`pathArchivoAudio`,`pathArchivoAnotaciones`) VALUES("18","AUDIO_19","18.1","C:\todos\estos\paths\no\existen","C:\todos\estos\paths\no\existen");
INSERT INTO `audio` (`idAudio`, `nombreAudio`,`duracionAudio`,`pathArchivoAudio`,`pathArchivoAnotaciones`) VALUES("19","AUDIO_19","19.1","C:\todos\estos\paths\no\existen","C:\todos\estos\paths\no\existen");
INSERT INTO `audio` (`idAudio`, `nombreAudio`,`duracionAudio`,`pathArchivoAudio`,`pathArchivoAnotaciones`) VALUES("20","AUDIO_20","20.1","C:\todos\estos\paths\no\existen","C:\todos\estos\paths\no\existen");

INSERT INTO `audioxcomparecencia`(`idComparecencia`,`idAudio`) VALUES ("1","1");
INSERT INTO `audioxcomparecencia`(`idComparecencia`,`idAudio`) VALUES ("2","2");
INSERT INTO `audioxcomparecencia`(`idComparecencia`,`idAudio`) VALUES ("3","3");
INSERT INTO `audioxcomparecencia`(`idComparecencia`,`idAudio`) VALUES ("4","4");
INSERT INTO `audioxcomparecencia`(`idComparecencia`,`idAudio`) VALUES ("5","5");
INSERT INTO `audioxcomparecencia`(`idComparecencia`,`idAudio`) VALUES ("6","6");
INSERT INTO `audioxcomparecencia`(`idComparecencia`,`idAudio`) VALUES ("7","7");
INSERT INTO `audioxcomparecencia`(`idComparecencia`,`idAudio`) VALUES ("8","8");
INSERT INTO `audioxcomparecencia`(`idComparecencia`,`idAudio`) VALUES ("9","9");
INSERT INTO `audioxcomparecencia`(`idComparecencia`,`idAudio`) VALUES ("10","10");
INSERT INTO `audioxcomparecencia`(`idComparecencia`,`idAudio`) VALUES ("11","11");
INSERT INTO `audioxcomparecencia`(`idComparecencia`,`idAudio`) VALUES ("12","12");
INSERT INTO `audioxcomparecencia`(`idComparecencia`,`idAudio`) VALUES ("13","13");
INSERT INTO `audioxcomparecencia`(`idComparecencia`,`idAudio`) VALUES ("14","14");
INSERT INTO `audioxcomparecencia`(`idComparecencia`,`idAudio`) VALUES ("15","15");
INSERT INTO `audioxcomparecencia`(`idComparecencia`,`idAudio`) VALUES ("16","16");
INSERT INTO `audioxcomparecencia`(`idComparecencia`,`idAudio`) VALUES ("17","17");
INSERT INTO `audioxcomparecencia`(`idComparecencia`,`idAudio`) VALUES ("18","18");
INSERT INTO `audioxcomparecencia`(`idComparecencia`,`idAudio`) VALUES ("19","19");
INSERT INTO `audioxcomparecencia`(`idComparecencia`,`idAudio`) VALUES ("20","20");

INSERT INTO `inspectorxcomparecencia`(`idComparecencia`,`idPersona`)VALUES("1","1");
INSERT INTO `inspectorxcomparecencia`(`idComparecencia`,`idPersona`)VALUES("2","2");
INSERT INTO `inspectorxcomparecencia`(`idComparecencia`,`idPersona`)VALUES("3","3");
INSERT INTO `inspectorxcomparecencia`(`idComparecencia`,`idPersona`)VALUES("4","4");
INSERT INTO `inspectorxcomparecencia`(`idComparecencia`,`idPersona`)VALUES("5","5");
INSERT INTO `inspectorxcomparecencia`(`idComparecencia`,`idPersona`)VALUES("6","6");
INSERT INTO `inspectorxcomparecencia`(`idComparecencia`,`idPersona`)VALUES("7","7");
INSERT INTO `inspectorxcomparecencia`(`idComparecencia`,`idPersona`)VALUES("8","8");
INSERT INTO `inspectorxcomparecencia`(`idComparecencia`,`idPersona`)VALUES("9","9");
INSERT INTO `inspectorxcomparecencia`(`idComparecencia`,`idPersona`)VALUES("10","10");
INSERT INTO `inspectorxcomparecencia`(`idComparecencia`,`idPersona`)VALUES("11","11");
INSERT INTO `inspectorxcomparecencia`(`idComparecencia`,`idPersona`)VALUES("12","12");
INSERT INTO `inspectorxcomparecencia`(`idComparecencia`,`idPersona`)VALUES("13","13");
INSERT INTO `inspectorxcomparecencia`(`idComparecencia`,`idPersona`)VALUES("14","14");
INSERT INTO `inspectorxcomparecencia`(`idComparecencia`,`idPersona`)VALUES("15","15");
INSERT INTO `inspectorxcomparecencia`(`idComparecencia`,`idPersona`)VALUES("16","16");
INSERT INTO `inspectorxcomparecencia`(`idComparecencia`,`idPersona`)VALUES("17","17");
INSERT INTO `inspectorxcomparecencia`(`idComparecencia`,`idPersona`)VALUES("18","18");
INSERT INTO `inspectorxcomparecencia`(`idComparecencia`,`idPersona`)VALUES("19","19");
INSERT INTO `inspectorxcomparecencia`(`idComparecencia`,`idPersona`)VALUES("20","20");

SET FOREIGN_KEY_CHECKS = 1;